S,B,latency,memory,energy,oom,is_validation
32,1,0.00018203199654817583,13799424,0.0034666696542251154,False,False
32,2,0.0001812319979071617,13869056,0.0034780434655590216,False,False
32,4,0.0001822720021009445,14008320,0.003513030358896358,False,False
32,8,0.00018811199814081192,14286848,0.0036342821632081176,False,False
32,16,0.0001834239959716797,14843904,0.0035631574196327708,False,False
32,32,0.0001924320012331009,15958016,0.003852731936235214,False,False
32,64,0.0003010559976100922,26181632,0.006407210430699634,False,False
32,128,0.00027798400819301604,22642688,0.006686116474262236,False,False
32,256,0.00041764800250530245,32210944,0.012355236345667944,False,False
32,179,0.0003624959886074066,26755072,0.010597549178810877,False,True
32,29,0.00019238400459289551,15749120,0.0051265577258690605,False,True
32,56,0.00028782400488853456,25886720,0.008074039061640215,False,True
64,1,0.00017510400712490083,14008320,0.004453126289476786,False,False
64,2,0.00017612800002098083,14286848,0.004496257060744974,False,False
64,4,0.00017812799662351607,14843904,0.004587788521215989,False,False
64,8,0.00019035200029611586,15958016,0.005075341193494533,False,False
64,16,0.00028817600011825557,39157760,0.008254329903478064,False,False
64,32,0.00027136000990867615,22642688,0.00782205193883594,False,False
64,64,0.0003788959980010986,32210944,0.03729055115667041,False,False
64,128,0.0006840320229530335,49381376,0.06913576007252065,False,False
64,256,0.001137663960456848,85032960,0.12127289615512443,False,False
64,179,0.0009563519954681396,63586304,0.09267885690509488,False,True
64,29,0.00027537600696086887,21807104,0.05090600822488486,False,True
64,56,0.00039328001439571376,54296576,0.07610961687104253,False,True
128,1,0.00017817600071430207,14843904,0.030336146489286765,False,False
128,2,0.0001891999989748001,15958016,0.0332761404162104,False,False
128,4,0.00044417600333690645,89825280,0.08552208430976477,False,False
128,8,0.0002560000121593475,22642688,0.04866859796443387,False,False
128,16,0.0003880480080842972,32210944,0.07511794451555093,False,False
128,32,0.0006215680241584778,49381376,0.12470688164850101,False,False
128,64,0.0010914080142974854,85032960,0.26234803385604716,False,False
128,128,0.0024891040325164798,156336128,0.5878975825309073,False,False
128,256,0.0051998400688171385,298942464,1.442563108991172,False,False
128,179,0.0036234400272369387,214138880,1.0215075365272215,False,True
128,29,0.0007746079862117768,46628864,0.20333994559970758,False,True
128,56,0.0009926880002021788,76120064,0.28866148999930363,False,True
224,1,0.0004041920006275177,86839296,0.1063357970035891,False,False
224,2,0.00024556799978017805,20553728,0.06405170765132642,False,False
224,4,0.0003461120128631592,27377664,0.09295619720850139,False,False
224,8,0.0005232639908790589,41025536,0.14823675289599228,False,False
224,16,0.0009131680130958558,68780032,0.24726607956744964,False,False
224,32,0.0018867200016975403,123961344,0.4988818916444726,False,False
224,64,0.0037723840475082397,233144320,0.9966442705377433,False,False
224,128,0.008011087894439696,452034560,2.2830929708912873,False,False
224,256,0.016198111534118653,888242176,4.612191365609849,False,False
224,179,0.01118064022064209,625471488,3.175614484097548,False,True
224,29,0.0017528319954872133,113618944,0.5019060490324262,False,True
224,56,0.0033582719564437865,205651968,0.9585749458307644,False,True
256,1,0.0015851520299911498,293183488,0.44478381099928227,False,False
256,2,0.0002529279887676239,22642688,0.06753024264125852,False,False
256,4,0.00036443199217319486,32210944,0.09562201245047981,False,False
256,8,0.0005975839793682098,49381376,0.15872101076895778,False,False
256,16,0.0010957759618759155,85032960,0.29836232382624656,False,False
256,32,0.0023642079830169674,156336128,0.6207946016546949,False,False
256,64,0.005051392078399658,298942464,1.3870591606094005,False,False
256,128,0.010508703708648683,584155136,2.994105533628162,False,False
256,256,0.021114287376403806,1154580480,6.000808407215012,False,False
256,179,0.014660943984985353,813006848,4.194105167427879,False,True
256,29,0.0022169599533081053,144277504,0.6274647002713157,False,True
256,56,0.004395455837249756,263290880,1.2498707084443492,False,True
384,1,0.0003541439920663834,23822336,0.08803975054170878,False,False
384,2,0.0004833280146121979,33783808,0.13312110682731434,False,False
384,4,0.0007761920094490051,53837824,0.21714725324841272,False,False
384,8,0.0013894559741020203,95125504,0.38782205129897335,False,False
384,16,0.002776687979698181,175210496,0.7647836002445332,False,False
384,32,0.0057848961353302,334594048,1.6058614686797645,False,False
384,64,0.011754831790924073,655458304,3.33642077896563,False,False
384,128,0.02339737606048584,1297186816,6.638429495071633,False,False
384,256,0.04723392105102539,2580643840,13.420454356501528,False,False
384,179,0.03280516815185547,1809743872,9.31573570929724,False,True
384,29,0.005127168178558349,305299456,1.465444599945336,False,True
384,56,0.010380735874176025,576290816,2.9695315604323627,False,True
512,1,0.00038288000226020813,32210944,0.10141734768946263,False,False
512,2,0.0006080960035324096,49381376,0.17084516402293826,False,False
512,4,0.0010784479975700378,85032960,0.31730764257082905,False,False
512,8,0.0023372799158096315,156336128,0.6541343625815553,False,False
512,16,0.005064800024032593,298942464,1.4451528361394528,False,False
512,32,0.010414591789245605,584155136,2.9627499196637457,False,False
512,64,0.020911423683166504,1154580480,5.932511866676021,False,False
512,128,0.04162406349182129,2295431168,11.778210480734327,False,False
512,256,0.08404673767089843,4577132544,23.678572807567303,False,False
512,179,0.058934225082397464,3205595136,16.59247449280389,False,True
512,29,0.009460896015167235,531726336,2.6815700850580915,False,True
512,56,0.018314208030700684,1011974144,5.221255116301234,False,True
272,1,0.0015983999967575074,293487616,0.44800299834802865,False,True
272,2,0.00032081599533557894,23822336,0.08689553343368461,False,True
272,4,0.00048737598955631256,33853440,0.1350745989626914,False,True
272,8,0.0007877120077610016,53977088,0.1986266171378293,False,True
272,16,0.001395744025707245,95322112,0.3647068832059632,False,True
272,32,0.002871295928955078,175669248,0.7422207255850963,False,True
272,64,0.005901503801345825,335708160,1.648833094165619,False,True
272,128,0.012160752296447754,658735104,3.4469216425600653,False,True
272,256,0.024309855461120605,1302691840,6.898763093439073,False,True
272,179,0.0166246395111084,915738624,4.732954100198219,False,True
272,29,0.0025620479583740234,160175104,0.7241913230460086,False,True
272,56,0.005052031993865967,297304064,1.442235559879653,False,True
80,1,0.00019147200137376784,14164992,0.04627516417075312,False,True
80,2,0.00018307200074195863,14600192,0.04288466758626848,False,True
80,4,0.00018937599658966066,15470592,0.04653480710570075,False,True
80,8,0.00021078400313854218,36544512,0.05190390762313094,False,True
80,16,0.00025627200305461883,20692992,0.06331912748055184,False,True
80,32,0.00037068799138069154,27656192,0.09354885238076749,False,True
80,64,0.0006144799888134003,41582592,0.1593555999391312,False,True
80,128,0.0010250240564346313,70746112,0.2729032976150687,False,True
80,256,0.002144592046737671,126189568,0.5427479652207023,False,True
80,179,0.0014535359740257263,94035968,0.3690142019377642,False,True
80,29,0.00037376001477241517,26791936,0.0869976700189314,False,True
80,56,0.0005499040186405182,38100992,0.13595529068908044,False,True
352,1,0.00025907200574874876,22155264,0.0621469097083679,False,True
352,2,0.00037511999905109406,30580736,0.0915722750303612,False,True
352,4,0.00306878399848938,333676544,0.8257432824227102,False,True
352,8,0.0010372319817543029,82739200,0.3039930907362455,False,True
352,16,0.0023040000200271605,149454848,0.6455598683529772,False,True
352,32,0.004973504066467285,285048832,1.4198013545088408,False,True
352,64,0.010035200119018555,554008576,2.8586937713791842,False,True
352,128,0.019859312057495117,1093763072,5.672760331804698,False,True
352,256,0.039630529403686526,2171699200,11.245369649726255,False,True
352,179,0.027828559875488282,1522909184,7.914056550368922,False,True
352,29,0.004553071975708008,259964928,1.2942417264219548,False,True
352,56,0.008631264209747313,486572032,2.454927304566668,False,True
400,1,0.00036721599102020264,24609792,0.09968503269623324,False,True
400,2,0.0005007039904594421,35489792,0.14057306993384844,False,True
400,4,0.000809984028339386,57741312,0.21995906414042696,False,True
400,8,0.0014648319482803345,102244352,0.4109167670417686,False,True
400,16,0.0029968639612197876,190021632,0.8213054445162946,False,True
400,32,0.006402976036071777,362872832,1.7976327389338167,False,True
400,64,0.012846415996551515,710901760,3.6492132324330813,False,True
400,128,0.025584127426147463,1407418368,7.289270708970844,False,True
400,256,0.05174473571777344,2800058368,14.71439351220237,False,True
400,179,0.03594425582885742,1962539008,10.21167701127069,False,True
400,29,0.00586025595664978,331239424,1.6616253378501482,False,True
400,56,0.011214896202087401,623599616,3.18931739117979,False,True
